"","Demo-I_AAGGAGTA","Demo-I_ACTGCATA","Demo-I_AGCGTAGC","Demo-I_AGGAGTCC","Demo-I_CAGCCTCG","Demo-I_CATGCCTA","Demo-I_CCTCTCTG","Demo-I_CTAAGCCT","Demo-I_CTAGTACG","Demo-I_GCGTAAGA","Demo-I_GCTCAGGA","Demo-I_GTAAGGAG","Demo-I_GTAGAGAG","Demo-I_TAGATCGC","Demo-I_TCCTCTAC","Demo-I_TCGCCTTA","Demo-I_TCTCTCCG"
"hsa-miR-103b",0,0,0,0,0,0,0,0,0,0,0,0,0,0,0,0,1
"hsa-miR-130a-3p",0,0,0,0,0,0,0,0,0,0,0,0,0,0,0,0,1
"hsa-miR-130b-3p",0,0,0,0,0,0,0,0,0,0,0,0,0,0,1,0,0
"hsa-miR-140-3p",0,0,0,0,0,0,0,0,0,1,0,0,0,0,0,0,0
"hsa-miR-142-3p",0,0,0,0,0,1,0,0,0,0,0,0,0,0,0,0,0
"hsa-miR-144-3p",0,0,0,0,0,0,0,0,0,0,1,0,0,0,0,0,0
"hsa-miR-148a-3p",0,0,0,0,0,0,0,1,0,0,0,0,0,0,0,0,0
"hsa-miR-150-5p",0,0,0,0,0,0,0,2,1,0,0,0,0,0,0,0,0
"hsa-miR-15a-5p",0,0,0,0,0,0,1,0,0,0,0,0,1,0,0,0,2
"hsa-miR-15b-5p",0,1,0,0,0,2,1,0,0,1,0,0,0,0,0,1,0
"hsa-miR-16-5p",1,2,1,3,0,8,0,4,0,3,0,9,2,2,0,2,0
"hsa-miR-185-5p",0,0,2,4,0,1,0,1,0,0,0,0,0,0,0,0,0
"hsa-miR-191-5p",0,0,1,0,0,0,2,0,0,0,0,0,0,0,0,0,0
"hsa-miR-19a-3p",0,0,0,0,0,1,0,0,0,0,0,0,0,0,0,0,0
"hsa-miR-19b-3p",0,0,0,1,0,1,0,0,0,0,0,0,0,0,0,0,0
"hsa-miR-21-5p",0,0,0,0,0,0,0,0,0,1,0,0,0,0,0,1,0
"hsa-miR-223-3p",0,0,0,0,0,0,1,8,0,0,0,0,0,0,0,1,0
"hsa-miR-22-3p",0,0,0,1,0,0,0,0,0,0,0,0,0,0,0,0,0
"hsa-miR-23a-3p",2,1,0,0,0,0,0,3,0,0,0,0,0,0,0,0,0
"hsa-miR-25-3p",0,0,0,2,0,1,0,0,0,0,0,2,0,0,0,0,0
"hsa-miR-26a-5p",0,0,0,0,0,0,1,0,0,0,0,0,0,0,0,0,0
"hsa-miR-26b-5p",0,1,0,0,0,0,0,0,0,0,0,0,0,0,0,0,0
"hsa-miR-27a-3p",3,0,0,0,0,0,1,5,0,0,0,0,0,0,0,2,0
"hsa-miR-29a-3p",0,0,0,0,0,0,0,1,0,0,0,0,0,0,0,0,0
"hsa-miR-29c-3p",0,0,1,0,0,0,0,0,0,0,0,0,0,0,0,0,0
"hsa-miR-3074-5p",0,0,0,0,0,0,0,1,0,0,0,0,0,0,0,0,0
"hsa-miR-30a-5p",0,0,0,0,0,0,0,0,0,0,0,0,0,0,0,1,0
"hsa-miR-30e-5p",0,1,0,0,0,0,0,0,0,0,0,0,0,0,0,0,0
"hsa-miR-320a-3p",0,0,0,0,1,1,0,0,0,0,0,0,0,0,0,0,0
"hsa-miR-32-5p",0,0,0,0,0,0,0,2,0,0,0,0,0,0,0,0,0
"hsa-miR-328-3p",0,0,0,0,0,0,0,0,0,0,0,0,0,1,0,0,0
"hsa-miR-451a",0,22,8,30,0,50,10,6,0,21,5,22,5,2,0,4,8
"hsa-miR-4685-3p",0,0,0,1,0,0,0,0,0,0,0,0,0,0,0,0,0
"hsa-miR-486-3p",0,0,0,0,0,0,2,0,0,0,1,0,0,0,0,0,0
"hsa-miR-486-5p",0,0,0,0,0,1,2,0,0,1,0,1,1,3,0,0,0
"hsa-miR-92a-3p",0,0,3,6,0,6,2,0,0,0,1,1,0,0,0,0,0
"hsa-miR-99a-5p",0,0,0,0,0,0,1,0,0,0,0,0,0,0,0,0,0
